<?xml version="1.0" encoding="UTF-8"?>
<info version="1.1">
  <general>
    <createDate>2021-10-19T11:47:33</createDate>
    <changeDate>2022-11-10T10:03:39</changeDate>
    <schema>iso19139</schema>
    <isTemplate>n</isTemplate>
    <localId>152924</localId>
    <format>full</format>
    <rating>0</rating>
    <popularity>10</popularity>
    <uuid>33ea1766-ddb8-4b27-8725-f794f3018a18</uuid>
    <siteId>074765ee-9c8d-4498-acab-24d522e44148</siteId>
    <siteName>Home</siteName>
  </general>
  <categories>
    <category name="Datasets_Collections_Lists" />
  </categories>
  <privileges>
    <group name="all">
      <operation name="dynamic" />
      <operation name="download" />
      <operation name="view" />
    </group>
  </privileges>
  <public>
    <file name="GeoNet Logo.png" changeDate="2021-12-13T14:33:35" />
    <file name="Tsunami_Gauges_GeoNet_11Oct22.PNG" changeDate="2022-10-11T09:38:36" />
  </public>
  <private />
</info>

