<?xml version="1.0" encoding="UTF-8"?>
<info version="1.1">
  <general>
    <createDate>2021-04-14T13:08:58</createDate>
    <changeDate>2022-10-12T15:41:03</changeDate>
    <schema>iso19139</schema>
    <isTemplate>n</isTemplate>
    <localId>148410</localId>
    <format>full</format>
    <rating>0</rating>
    <popularity>39</popularity>
    <uuid>bebbffb4-4335-4300-9bdc-b1f2c85ac5fb</uuid>
    <siteId>074765ee-9c8d-4498-acab-24d522e44148</siteId>
    <siteName>Home</siteName>
  </general>
  <categories>
    <category name="Datasets_Collections_Lists" />
  </categories>
  <privileges>
    <group name="all">
      <operation name="dynamic" />
      <operation name="download" />
      <operation name="view" />
    </group>
  </privileges>
  <public>
    <file name="SeismicTraceThumbnail.png" changeDate="2021-10-13T15:12:35" />
    <file name="WaveformService.png" changeDate="2019-01-24T11:52:53" />
    <file name="WaveformService_s.png" changeDate="2019-01-24T11:52:53" />
  </public>
  <private />
</info>

